cell	470448	0.586
study	379496	0.472
result	374343	0.466
cancer	339622	0.423
patient	327954	0.408
tumor	281037	0.35
expression	269161	0.335
human	265891	0.331
protein	244906	0.305
may	234719	0.292
factor	228804	0.285
level	228254	0.284
effect	224507	0.28
treatment	222492	0.277
also	219938	0.274
gene	199289	0.248
analysis	195422	0.243
role	193010	0.24
using	191981	0.239
associated	181277	0.226
activity	177163	0.221
increased	171568	0.214
significantly	166819	0.208
disease	167422	0.208
however	164122	0.204
found	160077	0.199
clinical	157712	0.196
showed	156295	0.195
growth	151497	0.189
response	149488	0.186
compared	146101	0.182
used	143623	0.179
receptor	143201	0.178
mechanism	141624	0.176
two	140830	0.175
significant	136570	0.17
data	133865	0.167
therapy	133985	0.167
line	129877	0.162
control	127051	0.158
observed	121623	0.151
high	120687	0.15
potential	119831	0.149
pathway	117877	0.147
tissue	117061	0.146
suggest	117150	0.146
one	116276	0.145
function	115526	0.144
present	115006	0.143
case	113716	0.142
inhibitor	113036	0.141
including	112345	0.14
well	111362	0.139
group	110391	0.137
survival	107290	0.134
higher	106152	0.132
target	106379	0.132
important	104101	0.13
normal	104216	0.13
increase	104652	0.13
different	104118	0.13
activation	104137	0.13
development	103041	0.128
could	102964	0.128
type	101611	0.127
finding	98620	0.123
identified	98001	0.122
respectively	97159	0.121
induced	96474	0.12
assay	95801	0.119
vitro	93348	0.116
model	91811	0.114
proliferation	91406	0.114
show	90567	0.113
demonstrated	90390	0.113
inhibition	88950	0.111
addition	89332	0.111
novel	89458	0.111
therapeutic	88182	0.11
specific	87718	0.109
carcinoma	86383	0.108
investigated	85779	0.107
molecular	86276	0.107
apoptosis	85059	0.106
rate	84520	0.105
time	83901	0.104
new	83107	0.103
involved	82141	0.102
performed	81194	0.101
risk	80918	0.101
revealed	80047	0.1
change	80692	0.1
dna	80609	0.1
treated	79845	0.099
play	79592	0.099
decreased	78529	0.098
drug	77645	0.097
expressed	77199	0.096
year	77427	0.096
three	76648	0.095
first	75921	0.095
kinase	76436	0.095
several	76436	0.095
marker	75289	0.094
number	75308	0.094
blood	74800	0.093
signaling	74756	0.093
although	73555	0.092
reduced	73553	0.092
shown	74179	0.092
detected	73643	0.092
primary	73536	0.092
breast	73271	0.091
system	73387	0.091
report	73007	0.091
thus	71975	0.09
low	72410	0.09
necrosis	72437	0.09
difference	71333	0.089
serum	71117	0.089
cellular	71489	0.089
mutation	71526	0.089
concentration	70606	0.088
presence	69976	0.087
antibody	70164	0.087
agent	69359	0.086
evidence	68897	0.086
association	69112	0.086
without	68122	0.085
among	68092	0.085
evaluated	68438	0.085
reported	68288	0.085
progression	68392	0.085
vivo	67450	0.084
binding	66823	0.083
sample	66415	0.083
positive	66853	0.083
known	66241	0.082
use	65056	0.081
mrna	64838	0.081
examined	64196	0.08
whereas	63887	0.08
regulation	64017	0.08
inhibited	63264	0.079
whether	63258	0.079
furthermore	63488	0.079
total	63002	0.078
determined	62788	0.078
analyzed	62673	0.078
mouse	62061	0.077
similar	61932	0.077
overall	62113	0.077
value	61397	0.076
within	61444	0.076
age	60892	0.076
lower	61082	0.076
various	61136	0.076
method	60170	0.075
related	60029	0.075
studied	60152	0.075
combination	59437	0.074
antigen	59631	0.074
process	58278	0.073
via	58330	0.073
therefore	57688	0.072
interaction	57808	0.072
stage	57656	0.072
acid	57163	0.071
early	57110	0.071
diagnosis	57289	0.071
multiple	56795	0.071
due	56971	0.071
based	57196	0.071
complex	57372	0.071
investigate	57142	0.071
outcome	57197	0.071
major	56610	0.07
either	56337	0.07
chemotherapy	56277	0.07
cytokine	56134	0.07
correlated	55265	0.069
transcription	55376	0.069
measured	54719	0.068
common	54811	0.068
resistance	54817	0.068
previously	54492	0.068
determine	54831	0.068
induction	54526	0.068
provide	54656	0.068
review	54465	0.068
indicate	54172	0.067
cycle	52936	0.066
region	52680	0.066
molecule	53265	0.066
many	53209	0.066
death	53364	0.066
month	52603	0.065
site	51977	0.065
following	52122	0.065
approach	52045	0.065
family	51055	0.064
ratio	51308	0.064
aim	51223	0.064
cause	50260	0.063
tumour	50764	0.063
mean	50436	0.063
functional	50259	0.063
production	50570	0.063
small	49524	0.062
enhanced	50041	0.062
might	50086	0.062
test	49433	0.062
effective	49532	0.062
correlation	50002	0.062
population	50166	0.062
negative	49517	0.062
obtained	49313	0.061
phase	48788	0.061
genetic	49202	0.061
status	48619	0.061
highly	49081	0.061
demonstrate	49297	0.061
assessed	48406	0.06
chronic	47930	0.06
moreover	47793	0.06
strategy	48125	0.06
decrease	47764	0.059
form	47120	0.059
suggesting	47009	0.059
trial	47496	0.059
immune	47775	0.059
characteristic	46236	0.058
le	46272	0.058
acute	46775	0.058
contrast	46879	0.058
identify	46237	0.058
developed	45618	0.057
malignant	46082	0.057
possible	46162	0.057
prognosis	45535	0.057
reaction	45780	0.057
recent	45726	0.057
evaluate	45664	0.057
day	45334	0.056
enzyme	44617	0.056
woman	45005	0.056
formation	45300	0.056
lung	45207	0.056
recently	45089	0.056
prognostic	44972	0.056
included	44388	0.055
condition	44300	0.055
differentiation	44253	0.055
inflammatory	44355	0.055
independent	44475	0.055
nuclear	44296	0.055
efficacy	44026	0.055
confirmed	43991	0.055
overexpression	44382	0.055
characterized	43256	0.054
induce	43320	0.054
ability	43556	0.054
four	43431	0.054
sensitivity	42896	0.053
large	42184	0.053
single	42397	0.053
relationship	42847	0.053
chain	42708	0.053
feature	42565	0.053
elevated	41673	0.052
active	42076	0.052
lead	41911	0.052
biological	41550	0.052
loss	41906	0.052
activated	41928	0.052
plasma	40650	0.051
median	41138	0.051
rna	40707	0.051
signal	41045	0.051
individual	40358	0.05
pattern	40260	0.05
key	39934	0.05
targeting	40258	0.05
membrane	39670	0.049
range	39470	0.049
culture	39752	0.049
required	38966	0.049
resulted	39689	0.049
peripheral	38971	0.049
together	39391	0.049
western	39579	0.049
phenotype	38170	0.048
combined	38636	0.048
infection	38739	0.048
syndrome	37447	0.047
healthy	37908	0.047
current	37396	0.047
indicated	37543	0.047
induces	37581	0.047
event	37460	0.047
tested	37018	0.046
sequence	36900	0.046
remains	36727	0.046
mediated	36923	0.046
poor	36783	0.046
advanced	37317	0.046
useful	35791	0.045
affect	35799	0.045
andor	35761	0.045
suggested	36341	0.045
leukemia	35781	0.045
reduction	36453	0.045
conclusion	36086	0.045
surface	36259	0.045
prostate	36545	0.045
malignancy	36269	0.045
dose	35082	0.044
liver	35068	0.044
caused	35707	0.044
suggests	35599	0.044
hormone	35085	0.044
influence	35692	0.044
critical	35292	0.044
action	35043	0.044
bone	35402	0.044
epithelial	35229	0.044
phosphorylation	35156	0.044
considered	34329	0.043
component	34136	0.043
support	34517	0.043
established	34343	0.043
detection	34666	0.043
followed	34567	0.043
inhibit	34806	0.043
domain	34290	0.043
promoter	34430	0.043
p53	34236	0.043
alone	33616	0.042
evaluation	33801	0.042
alpha	33605	0.042
profile	33920	0.042
manner	33839	0.042
suppressor	33335	0.042
property	32953	0.041
subject	33088	0.041
potent	32649	0.041
lymphocyte	32772	0.041
flow	33190	0.041
compound	33194	0.041
staining	33126	0.041
structure	31877	0.04
direct	32384	0.04
significance	31749	0.04
disorder	31799	0.04
lesion	32398	0.04
alteration	32111	0.04
exposure	32264	0.04
contribute	32495	0.04
inhibits	32491	0.04
followup	32510	0.04
impact	31947	0.04
endothelial	32449	0.04
metastatic	31105	0.039
complete	31484	0.039
since	30944	0.039
isolated	31582	0.039
synthesis	30965	0.039
greater	31568	0.039
	31144	0.039
stimulation	31085	0.039
better	31695	0.039
received	31724	0.039
comparison	31103	0.039
previous	31275	0.039
ass	31110	0.039
antitumor	31032	0.039
five	30198	0.038
inhibitory	30817	0.038
least	30490	0.038
virus	30884	0.038
pathogenesis	30428	0.038
surgery	30434	0.038
inflammation	30647	0.038
vascular	30281	0.038
additional	30251	0.038
increasing	30208	0.038
toxicity	30590	0.038
anticancer	30282	0.038
monoclonal	30763	0.038
ligand	30627	0.038
immunohistochemistry	30307	0.038
member	29808	0.037
regulatory	29699	0.037
intracellular	29884	0.037
part	29957	0.037
mass	29404	0.037
essential	29852	0.037
identification	29412	0.037
index	30005	0.037
leading	29548	0.037
cytotoxic	29751	0.037
polymorphism	29994	0.037
transcriptional	29358	0.037
derived	28734	0.036
understanding	29267	0.036
body	28853	0.036
improved	28793	0.036
peptide	28824	0.036
available	28705	0.036
release	28970	0.036
frequency	29186	0.036
diagnosed	28753	0.036
interval	29009	0.036
polymerase	28882	0.036
grade	28718	0.036
promising	28783	0.036
blot	29296	0.036
upregulated	28771	0.036
week	28142	0.035
administration	27980	0.035
described	28135	0.035
area	28076	0.035
biopsy	28197	0.035
distinct	27873	0.035
technique	28104	0.035
according	27819	0.035
parameter	28083	0.035
underlying	28464	0.035
still	28223	0.035
size	28153	0.035
regression	28504	0.035
stem	28080	0.035
targeted	28473	0.035
mutant	27008	0.034
containing	27598	0.034
taken	27315	0.034
product	27180	0.034
seen	27647	0.034
variant	27508	0.034
likely	27521	0.034
period	27025	0.034
investigation	27426	0.034
resulting	27114	0.034
specimen	27698	0.034
research	27689	0.034
migration	27044	0.034
underwent	26953	0.034
immunohistochemical	27675	0.034
regulated	27684	0.034
downregulation	27067	0.034
regulator	27434	0.034
cohort	27315	0.034
produced	26279	0.033
absence	26624	0.033
experiment	26439	0.033
standard	26723	0.033
frequently	26792	0.033
even	26477	0.033
bind	26149	0.033
involvement	26767	0.033
despite	26451	0.033
damage	26876	0.033
indicating	26261	0.033
severe	26157	0.033
limited	26672	0.033
quantitative	26875	0.033
unknown	26760	0.033
stress	26726	0.033
invasion	26619	0.033
pcr	26283	0.033
upregulation	26756	0.033
secretion	25711	0.032
presented	25403	0.032
directly	25450	0.032
diagnostic	25709	0.032
conducted	25410	0.032
six	25601	0.032
lymphoma	25754	0.032
dependent	25618	0.032
order	25395	0.032
state	25492	0.032
selected	25482	0.032
upon	25964	0.032
relative	26090	0.032
incidence	25711	0.032
improve	25364	0.032
adult	25878	0.032
exhibited	25338	0.032
recombinant	25888	0.032
apoptotic	25915	0.032
suppression	24943	0.031
sensitive	25286	0.031
cultured	24659	0.031
application	24819	0.031
specificity	24752	0.031
tyrosine	25194	0.031
metabolism	24614	0.031
especially	24929	0.031
strongly	24519	0.031
distribution	24756	0.031
strong	25171	0.031
often	25280	0.031
extracellular	25215	0.031
epidermal	24593	0.031
defined	24875	0.031
benefit	24880	0.031
cytometry	24570	0.031
approximately	23715	0.03
suppressed	24201	0.03
affected	23713	0.03
second	24381	0.03
central	23711	0.03
variety	23755	0.03
finally	23884	0.03
screening	23788	0.03
systemic	23865	0.03
provides	23697	0.03
point	24256	0.03
versus	24000	0.03
act	24309	0.03
cytotoxicity	24356	0.03
accumulation	24446	0.03
rare	24008	0.03
iii	23756	0.03
information	23417	0.029
implicated	23593	0.029
observation	22968	0.029
correlate	23539	0.029
basis	23560	0.029
specifically	23673	0.029
responsible	23542	0.029
consistent	23688	0.029
given	23028	0.029
assessment	22922	0.029
ovarian	23458	0.029
class	23222	0.029
selective	23602	0.029
colorectal	23477	0.029
variable	23160	0.029
led	23281	0.029
need	22896	0.029
express	23642	0.029
aimed	23176	0.029
multivariate	23646	0.029
il6	23055	0.029
interleukin	23097	0.029
initial	22530	0.028
reverse	22806	0.028
future	22547	0.028
stimulated	22829	0.028
altered	22492	0.028
able	22595	0.028
series	22146	0.028
surgical	22514	0.028
male	22514	0.028
marrow	22239	0.028
lack	22179	0.028
recurrence	22784	0.028
hepatocellular	22494	0.028
expressing	22817	0.028
regulates	22154	0.028
regulate	22685	0.028
score	22542	0.028
tnfalpha	22735	0.028
management	21676	0.027
particularly	21533	0.027
metastasis	21537	0.027
clinically	21928	0.027
occurred	21986	0.027
chromosome	21430	0.027
longterm	21584	0.027
natural	22086	0.027
subsequent	21458	0.027
arrest	21670	0.027
myeloid	21329	0.027
imaging	21553	0.027
confidence	22024	0.027
candidate	22069	0.027
downregulated	21753	0.027
per	20881	0.026
failure	21006	0.026
stable	20695	0.026
amount	21110	0.026
medium	20988	0.026
degree	21201	0.026
appears	20570	0.026
statistically	20972	0.026
animal	21248	0.026
would	21281	0.026
resistant	20989	0.026
renal	20999	0.026
examination	20939	0.026
mainly	20665	0.026
differential	21193	0.026
fibroblast	21278	0.026
metabolic	20753	0.026
predictive	20806	0.026
female	20606	0.026
specie	20733	0.026
importance	21099	0.026
endogenous	20862	0.026
adverse	20597	0.026
implication	21250	0.026
subset	20483	0.026
regulating	20874	0.026
unclear	20933	0.026
adhesion	20856	0.026
matrix	21176	0.026
promotes	21062	0.026
oral	19729	0.025
free	19832	0.025
wildtype	20439	0.025
course	20304	0.025
represent	19984	0.025
work	19796	0.025
experimental	19807	0.025
capacity	20127	0.025
collected	20461	0.025
yet	19893	0.025
currently	20288	0.025
inhibiting	19913	0.025
achieved	20316	0.025
potentially	20147	0.025
estrogen	20440	0.025
symptom	19813	0.025
purpose	20310	0.025
develop	19706	0.025
particular	20309	0.025
examine	20077	0.025
allele	19926	0.025
relevant	20258	0.025
describe	19680	0.025
factoralpha	19828	0.025
rtpcr	19791	0.025
knockdown	20100	0.025
characterization	19196	0.024
tool	19206	0.024
insight	19572	0.024
little	19560	0.024
measurement	19238	0.024
linked	19223	0.024
brain	19626	0.024
literature	19056	0.024
beta	19285	0.024
susceptibility	18952	0.024
rapid	19502	0.024
health	19419	0.024
remain	19012	0.024
pathological	19678	0.024
mortality	19186	0.024
main	18992	0.024
exhibit	18884	0.024
promote	19433	0.024
detect	19643	0.024
regimen	19086	0.024
prospective	19654	0.024
tcell	19502	0.024
repair	19253	0.024
genomic	19606	0.024
biomarkers	19030	0.024
downstream	19566	0.024
markedly	18546	0.023
weight	18677	0.023
dos	18227	0.023
secondary	18686	0.023
viability	18158	0.023
insulin	18292	0.023
good	18413	0.023
complication	18260	0.023
alternative	18213	0.023
majority	18157	0.023
radiation	18204	0.023
men	18694	0.023
reactive	18102	0.023
include	18853	0.023
enhance	18199	0.023
needed	18540	0.023
prior	18873	0.023
degradation	18695	0.023
macrophage	18583	0.023
deletion	18286	0.023
criterion	18318	0.023
objective	18650	0.023
genotype	18461	0.023
generated	18704	0.023
angiogenesis	18678	0.023
sequencing	18232	0.023
overexpressed	18181	0.023
bcl2	18854	0.023
realtime	18474	0.023
long	17791	0.022
term	17349	0.022
remained	17274	0.022
mammalian	17554	0.022
circulating	17316	0.022
knowledge	17745	0.022
biochemical	17341	0.022
partial	18058	0.022
percentage	17589	0.022
rat	17523	0.022
aggressive	17493	0.022
applied	17587	0.022
colon	17589	0.022
produce	17541	0.022
skin	17790	0.022
abnormality	17645	0.022
hypothesis	17877	0.022
generation	18043	0.022
seven	17353	0.022
reduce	17854	0.022
conclude	17828	0.022
frequent	17964	0.022
child	17566	0.022
local	17774	0.022
baseline	17318	0.022
xenograft	17532	0.022
hospital	18033	0.022
involving	17843	0.022
focus	17535	0.022
unique	17382	0.022
understood	17355	0.022
predict	17716	0.022
transfected	17960	0.022
antagonist	16584	0.021
node	16849	0.021
gastric	16863	0.021
amino	17067	0.021
corresponding	16904	0.021
general	16648	0.021
certain	17168	0.021
conventional	17047	0.021
localization	16672	0.021
occurs	16984	0.021
necessary	16711	0.021
substrate	17045	0.021
fragment	16979	0.021
measure	16759	0.021
activator	17222	0.021
benign	16776	0.021
nucleus	17147	0.021
oxygen	16692	0.021
inducing	16758	0.021
element	16671	0.021
developing	16712	0.021
history	17091	0.021
administered	17110	0.021
viral	16897	0.021
set	16635	0.021
block	16757	0.021
end	17220	0.021
translocation	16859	0.021
explore	16796	0.021
interestingly	16662	0.021
designed	16753	0.021
mediator	16680	0.021
modulation	16839	0.021
invasive	16907	0.021
predictor	17209	0.021
crucial	16640	0.021
proinflammatory	16794	0.021
egfr	16894	0.021
fraction	15962	0.02
eight	16316	0.02
provided	15899	0.02
pancreatic	15893	0.02
abnormal	15824	0.02
occur	16394	0.02
affinity	16362	0.02
located	16039	0.02
made	15679	0.02
medical	16241	0.02
nucleotide	16451	0.02
solid	16123	0.02
undergoing	15992	0.02
procedure	16210	0.02
variation	16437	0.02
transformation	15732	0.02
murine	15735	0.02
transplantation	16152	0.02
mitochondrial	16144	0.02
proposed	15760	0.02
structural	16046	0.02
physiological	16083	0.02
testing	16095	0.02
improvement	15831	0.02
count	15835	0.02
resection	15925	0.02
additionally	15851	0.02
blocked	15747	0.02
retrospective	16072	0.02
transcript	16234	0.02
randomized	16109	0.02
design	16018	0.02
dosedependent	16090	0.02
regarding	15764	0.02
enrolled	15715	0.02
biomarker	16452	0.02
another	15173	0.019
lymph	14862	0.019
uptake	15364	0.019
carried	15502	0.019
marked	15070	0.019
organ	14895	0.019
ngml	15585	0.019
poorly	14939	0.019
accompanied	14944	0.019
basal	15464	0.019
highest	15577	0.019
short	15285	0.019
side	15327	0.019
relatively	15295	0.019
clear	15027	0.019
commonly	15405	0.019
controlled	15487	0.019
modification	15542	0.019
discus	14892	0.019
histological	15308	0.019
proportion	15450	0.019
situ	15441	0.019
density	14949	0.019
subgroup	15008	0.019
diabetes	14981	0.019
soluble	15510	0.019
receiving	15412	0.019
extent	15287	0.019
life	15284	0.019
help	15626	0.019
fluorescence	15029	0.019
exposed	15007	0.019
plus	15576	0.019
activating	15042	0.019
adjuvant	14912	0.019
much	15621	0.019
hazard	14985	0.019
safety	15250	0.019
setting	14973	0.019
tumorigenesis	15628	0.019
oncogene	14910	0.019
elisa	14962	0.019
cd4	15592	0.019
muscle	14604	0.018
localized	14467	0.018
laboratory	14623	0.018
duration	14780	0.018
origin	14428	0.018
purified	14218	0.018
glucose	14346	0.018
indicates	14057	0.018
possibility	14123	0.018
injection	14241	0.018
content	14657	0.018
represents	14124	0.018
subunit	14069	0.018
relation	14441	0.018
oncogenic	14624	0.018
completely	14302	0.018
recurrent	14560	0.018
rather	14274	0.018
whose	14237	0.018
contributes	14850	0.018
article	14465	0.018
predicted	14274	0.018
lipid	14784	0.018
remission	14659	0.018
widely	14731	0.018
impaired	14180	0.018
clone	14364	0.018
oxidative	14267	0.018
intervention	14527	0.018
fusion	14564	0.018
effector	14131	0.018
hybridization	14688	0.018
compare	14691	0.018
tnf	14751	0.018
network	14324	0.018
odds	14182	0.018
enhances	14831	0.018
transfection	14075	0.018
cdna	14285	0.018
amplification	14395	0.018
option	14217	0.018
transduction	14168	0.018
blotting	14571	0.018
defect	13999	0.017
volume	13987	0.017
showing	13907	0.017
consequence	13532	0.017
host	13811	0.017
light	13890	0.017
residue	14021	0.017
partially	13987	0.017
newly	13428	0.017
estimated	13283	0.017
radiotherapy	13956	0.017
pretreatment	13818	0.017
along	13777	0.017
cox	13556	0.017
statistical	13558	0.017
injury	13300	0.017
calculated	13264	0.017
curve	13743	0.017
transition	13598	0.017
discussed	14041	0.017
prevent	13517	0.017
kidney	14046	0.017
locus	13275	0.017
become	13724	0.017
step	13287	0.017
positively	13706	0.017
derivative	13863	0.017
efficient	13654	0.017
like	13425	0.017
hcc	13945	0.017
longer	13607	0.017
maintenance	13613	0.017
thereby	13704	0.017
best	13621	0.017
deficiency	14053	0.017
dysfunction	13660	0.017
biology	13544	0.017
modified	13279	0.017
initiation	14012	0.017
fully	13969	0.017
quality	13515	0.017
mononuclear	13408	0.017
squamous	13676	0.017
relapse	13459	0.017
microscopy	13878	0.017
activate	13807	0.017
serve	13684	0.017
genome	13416	0.017
reviewed	13843	0.017
consecutive	13270	0.017
immunotherapy	13768	0.017
displayed	13394	0.017
interferon	13373	0.017
monocyte	13342	0.017
transforming	13417	0.017
mcf7	13613	0.017
vector	13617	0.017
database	13725	0.017
exon	13618	0.017
encoding	13345	0.017
akt	13554	0.017
tnf+//0Azv/9ALE-	13802	0.017
hour	13019	0.016
stability	13154	0.016
fluid	12786	0.016
failed	12659	0.016
interest	12946	0.016
importantly	12568	0.016
appear	13215	0.016
detectable	12586	0.016
nine	12600	0.016
none	12533	0.016
analysed	12956	0.016
sex	12460	0.016
optimal	12579	0.016
care	13015	0.016
modulate	12682	0.016
proliferative	12628	0.016
rapidly	13018	0.016
donor	12955	0.016
seems	12681	0.016
postoperative	12793	0.016
cytoplasmic	12861	0.016
secreted	12679	0.016
subsequently	13006	0.016
chemotherapeutic	12996	0.016
largely	13008	0.016
requires	12568	0.016
reveal	12531	0.016
challenge	12655	0.016
recognized	12939	0.016
methylation	13115	0.016
wide	12571	0.016
discovery	12710	0.016
comparable	12680	0.016
protocol	12711	0.016
numerous	12759	0.016
dynamic	12910	0.016
bcell	12645	0.016
performance	12609	0.016
hematopoietic	13055	0.016
center	13058	0.016
delivery	12679	0.016
effectively	12856	0.016
aberrant	13191	0.016
silencing	13048	0.016
reporter	13087	0.016
vegf	12929	0.016
cd8	12852	0.016
mtt	12569	0.016
prolonged	11735	0.015
treat	11904	0.015
extract	12127	0.015
phosphatase	11927	0.015
adenocarcinoma	12330	0.015
hepatic	11760	0.015
neoplastic	11872	0.015
whole	12358	0.015
toward	12330	0.015
probably	11844	0.015
probe	11794	0.015
bound	11681	0.015
precursor	11949	0.015
behavior	12344	0.015
immunity	12250	0.015
synthesized	12404	0.015
monitoring	11791	0.015
melanoma	12448	0.015
appropriate	11865	0.015
daily	12058	0.015
possibly	12140	0.015
confirm	12080	0.015
transient	12222	0.015
generally	11806	0.015
source	12395	0.015
capable	11713	0.015
length	12156	0.015
average	11756	0.015
almost	12025	0.015
neoplasm	12410	0.015
larger	12322	0.015
differentiated	12112	0.015
androgen	12065	0.015
neither	11958	0.015
progressive	11676	0.015
sufficient	11910	0.015
prevention	12161	0.015
agonist	11780	0.015
explored	12060	0.015
pathology	12355	0.015
axis	11648	0.015
onset	11936	0.015
selection	12219	0.015
putative	11968	0.015
prevalence	12087	0.015
published	12079	0.015
independently	12411	0.015
panel	12133	0.015
radical	12094	0.015
analyze	11961	0.015
homeostasis	11908	0.015
promoted	11780	0.015
antiinflammatory	12330	0.015
validated	11969	0.015
preclinical	11719	0.015
microarray	12155	0.015
sirna	11987	0.015
carrier	11382	0.014
inactivation	10987	0.014
chinese	11381	0.014
stimulate	10845	0.014
way	11152	0.014
determination	11316	0.014
primarily	11385	0.014
chemical	11625	0.014
conserved	10992	0.014
hand	10884	0.014
synthetic	11215	0.014
similarly	10937	0.014
extensive	11107	0.014
divided	11231	0.014
cardiovascular	11368	0.014
blocking	10878	0.014
pharmacological	11128	0.014
problem	11334	0.014
relevance	11228	0.014
experience	11586	0.014
stromal	10919	0.014
late	10868	0.014
preoperative	10912	0.014
contained	10852	0.014
account	11158	0.014
pulmonary	11194	0.014
negatively	11269	0.014
author	11251	0.014
moderate	11293	0.014
section	10924	0.014
appeared	11533	0.014
diverse	11625	0.014
occurrence	10987	0.014
noted	11473	0.014
usually	10980	0.014
selectively	10938	0.014
leukocyte	11136	0.014
last	10977	0.014
differ	10984	0.014
efficiency	11047	0.014
depletion	11587	0.014
colony	11059	0.014
acquired	11023	0.014
histone	11635	0.014
classification	11078	0.014
closely	11301	0.014
later	11431	0.014
morphology	11271	0.014
every	11493	0.014
display	11050	0.014
chromosomal	11249	0.014
cervical	11027	0.014
affecting	11598	0.014
promoting	11303	0.014
context	11563	0.014
understand	10925	0.014
link	10998	0.014
reducing	11122	0.014
mediate	11183	0.014
attenuated	11244	0.014
highlight	11110	0.014
cyclin	11553	0.014
protective	11212	0.014
cisplatin	10901	0.014
antiproliferative	11169	0.014
signalling	11023	0.014
psa	11066	0.014
il2	10889	0.014
differentially	11433	0.014
mutated	11603	0.014
caspase	11184	0.014
caspase3	11008	0.014
third	10356	0.013
pain	10064	0.013
endocrine	10289	0.013
epithelium	10657	0.013
gland	10641	0.013
exogenous	10086	0.013
matched	10552	0.013
dominant	10269	0.013
limit	10481	0.013
material	10511	0.013
thought	10596	0.013
suppress	10615	0.013
search	10369	0.013
replication	10518	0.013
cleavage	10716	0.013
expected	10281	0.013
towards	10453	0.013
respect	10358	0.013
establish	10462	0.013
classified	10136	0.013
contains	10086	0.013
hepatitis	10431	0.013
severity	10128	0.013
offer	10843	0.013
intermediate	10640	0.013
propose	10205	0.013
spectrum	10552	0.013
paper	10450	0.013
untreated	10395	0.013
incubation	10096	0.013
carcinogenesis	10306	0.013
predominantly	10450	0.013
across	10770	0.013
demonstrates	10611	0.013
maximum	10144	0.013
successfully	10824	0.013
treating	10388	0.013
suppresses	10270	0.013
trigger	10288	0.013
advance	10729	0.013
predicting	10381	0.013
adjacent	10513	0.013
infected	10042	0.013
chromatin	10589	0.013
aspect	10647	0.013
advantage	10323	0.013
heterogeneity	10154	0.013
successful	10487	0.013
reduces	10656	0.013
intensity	10124	0.013
program	10266	0.013
autoimmune	10439	0.013
retrospectively	10550	0.013
recognition	10046	0.013
heart	10164	0.013
date	10045	0.013
clearly	10471	0.013
nonsmall	10345	0.013
define	10394	0.013
presentation	10795	0.013
practice	10527	0.013
progenitor	10266	0.013
subtypes	10148	0.013
contribution	10649	0.013
mediates	10352	0.013
prediction	10493	0.013
phosphorylated	10563	0.013
microenvironment	10630	0.013
activates	10325	0.013
cascade	10244	0.013
hypothesized	10278	0.013
interleukin6	10755	0.013
progressionfree	10681	0.013
her2	10253	0.013
p005	10564	0.013
progress	10031	0.012
cytoplasm	10038	0.012
find	10001	0.012
elucidate	10031	0.012
cytochrome	10009	0.012
